Pclass,Sex,Age,SibSp,Parch,Fare,Survived
3,male,17,4,4,53.66,1
1,male,60,2,0,40.03,0
3,male,64,0,1,81.24,0
3,male,35,5,1,50.62,1
1,female,70,5,4,26.51,0
1,male,30,5,0,86.95,1
3,female,71,4,3,89.43,1
2,female,74,5,2,51.97,1
3,male,63,0,0,16.81,0
3,female,28,2,1,44.9,1
3,female,60,4,4,82.32,0
3,female,79,2,4,91.16,1
1,female,37,4,2,28.31,1
3,male,22,2,4,16.03,1
2,female,68,1,4,88.96,0
1,male,20,2,0,45.05,0
2,female,68,5,3,58.76,1
2,female,64,1,2,97.13,1
2,male,17,2,0,15.99,0
2,female,12,4,3,68.35,0
1,female,22,4,0,16.67,0
1,female,17,4,5,43.79,1
2,male,10,3,0,82.34,0
2,female,65,0,4,49.01,1
1,male,22,4,3,99.75,0
1,female,50,1,2,60.32,1
1,male,14,4,2,38.9,1
3,male,64,3,3,29.81,1
3,female,47,5,4,41.55,0
3,female,29,1,1,43.53,0
2,male,76,3,0,16.18,0
3,male,36,5,4,43.26,1
2,female,52,1,5,51.78,1
2,male,76,2,3,75.05,0
3,female,7,0,0,69.11,1
2,female,29,0,2,73.79,1
3,female,11,3,1,10.75,1
3,female,33,5,5,29.59,0
1,male,6,0,2,69.55,1
3,female,79,5,3,53.56,0
1,male,32,5,0,10.48,0
3,female,51,3,3,82.4,0
3,male,75,3,0,79.55,0
1,female,58,3,4,59.36,0
1,male,26,0,1,15.98,1
3,male,46,3,4,78.99,0
2,female,29,0,4,62.53,0
1,female,4,3,3,80.38,0
2,female,13,4,1,77.66,1
2,female,39,5,0,82.27,1
2,male,15,3,0,56.62,1
1,female,29,1,5,22.63,1
2,male,29,5,2,70.4,0
1,male,75,5,5,65.84,0
2,female,32,3,5,76.8,1
3,male,2,2,0,25.29,1
3,male,47,3,3,27.55,1
1,male,78,5,4,90.14,1
3,male,22,1,4,77.5,0
3,female,75,5,4,91.74,1
2,female,27,1,1,78.28,1
1,female,67,0,0,63.74,1
2,female,56,4,3,68.87,1
2,male,21,5,1,90.02,1
2,male,47,3,2,62.09,1
2,female,59,0,3,66.92,1
2,female,6,4,5,24.08,0
2,female,19,3,3,52.65,0
2,male,57,2,3,74.48,0
1,female,69,3,4,34.38,0
3,female,3,1,3,28.2,0
2,female,1,1,5,38.24,0
2,male,58,2,5,31.74,1
2,male,38,0,0,29.34,1
2,male,15,4,3,48.24,0
2,male,34,3,4,91.71,1
2,male,61,1,3,55.64,0
3,male,35,0,2,26.91,1
3,male,64,2,2,16.93,1
2,male,25,5,4,72.65,1
3,female,24,1,0,44.45,1
1,female,12,2,0,83.96,1
2,male,18,3,5,69.36,1
1,male,15,4,5,81.66,0
1,female,27,1,1,34.48,0
2,male,72,1,4,72.31,1
3,male,60,3,3,33.77,0
1,male,46,5,4,94.52,1
2,female,17,0,1,67.27,0
1,female,53,4,5,39.21,1
1,female,8,1,4,34.26,0
1,female,79,4,4,27.18,1
1,female,27,1,5,72.52,0
3,male,46,4,1,29.68,1
1,female,50,2,5,63.58,0
1,male,71,1,0,33.82,1
1,male,3,4,3,69.58,1
3,female,64,0,5,83.34,1
1,female,44,2,1,80.02,0
1,male,53,2,2,78.48,0
3,male,24,0,0,26.9,0
3,male,60,4,2,17.95,1
3,female,3,3,5,72.91,0
1,female,20,0,0,43.15,1
3,female,46,4,3,48.91,0
3,female,15,0,5,12.8,0
1,female,25,0,3,33.36,0
3,male,78,1,4,13.03,0
1,female,71,4,2,89.13,1
2,male,17,3,0,31.91,0
3,male,9,1,3,60.16,0
2,male,38,0,1,13.51,1
1,female,48,5,3,70.02,1
3,female,60,0,1,39.07,0
1,female,63,0,5,90.81,0
2,male,2,4,0,89.93,1
1,male,72,4,3,39.28,1
3,male,11,1,3,91.09,1
3,male,64,3,0,99.65,0
2,male,77,1,3,84.29,0
1,male,72,2,1,86.04,0
3,female,21,0,3,32.41,1
2,female,18,5,2,61.9,1
3,female,64,0,5,16.05,1
3,female,38,0,4,18.54,0
1,male,32,1,1,99.9,1
3,male,11,5,2,39.4,0
1,female,45,5,5,77.34,1
3,male,33,5,0,82.6,0
2,female,41,1,1,87.22,0
3,female,8,0,4,99.79,1
1,female,11,1,5,31.73,0
1,male,51,4,4,13.63,1
2,female,41,4,0,47.01,0
3,female,17,1,0,21.71,1
3,female,76,5,1,12.02,1
2,male,46,0,3,42.44,0
3,male,32,1,0,80.54,1
3,female,79,1,5,60.96,0
1,male,54,1,3,38.15,1
3,male,20,2,2,68.89,1
3,male,33,4,4,30.88,1
2,male,74,5,3,11.29,1
2,male,40,3,4,78.79,0
1,male,32,5,3,66.14,1
3,male,2,3,2,78.61,1
3,male,33,2,0,13.5,0
3,male,77,1,2,85.34,0
1,male,30,2,0,65.76,0
1,female,33,2,0,60.71,0
2,female,77,0,4,66.22,0
1,male,26,4,5,87.8,0
3,female,22,3,2,62.82,1
3,female,66,1,3,62.29,0
1,male,38,3,2,99.16,1
3,male,46,5,4,78.11,0
3,male,15,3,0,49.81,1
1,female,44,5,4,73.67,1
1,female,49,4,1,45.03,1
3,male,75,5,1,30.6,0
3,male,61,3,3,63.72,0
3,male,67,3,4,93.54,0
2,female,6,5,3,93.62,0
2,female,9,2,3,40.77,1
2,female,6,4,1,57.49,0
1,female,73,0,3,29.05,1
2,male,32,1,1,99.61,1
1,male,41,3,0,98.3,0
1,male,76,1,4,68.46,0
2,male,8,0,3,82.4,0
2,female,72,1,1,74.36,1
2,female,50,0,2,63.38,0
3,male,62,5,3,14.8,1
2,male,62,2,5,50.93,0
3,female,7,3,0,70.73,1
1,male,75,0,0,70.98,0
3,female,4,1,2,43.58,0
2,male,6,3,1,94.75,1
1,male,58,2,3,25.06,0
1,male,22,5,1,55.03,0
1,male,26,3,0,72.18,0
3,male,3,0,1,72.74,0
2,male,41,2,0,68.38,0
1,male,60,1,1,34.78,0
1,female,14,2,2,24.06,0
1,female,75,2,4,67.23,1
3,female,12,4,2,63.94,1
3,female,12,2,2,26.14,0
2,female,13,2,4,73.46,0
3,male,25,3,4,50.97,0
1,male,45,1,3,70.1,1
2,female,19,3,3,85.36,1
1,male,55,3,2,25.28,0
1,female,45,0,2,11.72,1
3,female,8,3,0,80.12,0
2,male,53,4,0,64.87,0
3,male,55,4,3,72.97,0
3,male,32,0,5,85.43,0
2,female,51,5,5,82.25,1
1,male,44,1,3,96.48,1
1,female,70,1,0,58.23,0
2,female,18,3,0,53.96,1
1,female,22,3,5,46.17,1
2,male,37,5,1,23.83,0
2,male,56,3,1,61.53,1
3,female,59,1,0,34.93,0
2,male,3,2,1,92.92,0
3,male,28,4,4,62.49,0
1,male,74,2,3,63.36,0
1,female,35,2,3,41.94,1
1,female,61,1,0,14.68,0
1,male,54,2,2,12.86,1
3,female,63,5,5,48.1,0
1,male,79,0,0,17.61,0
2,male,7,3,1,64.62,1
2,male,76,0,5,89.29,0
2,male,49,4,2,89.46,1
3,female,31,3,1,69.31,1
1,female,58,2,4,29.01,0
1,female,61,4,1,87.67,0
1,male,24,3,4,89.75,0
3,male,20,5,5,27.7,0
2,male,37,5,4,76.37,0
2,female,4,5,5,35.79,0
1,male,20,5,5,82.24,1
2,female,60,2,5,99.75,1
2,female,24,0,5,12.7,0
3,female,50,3,5,90.76,1
3,female,49,2,1,66.04,1
3,female,51,5,5,97.6,0
3,female,36,0,1,51.85,0
1,male,66,4,5,86.26,1
3,male,79,4,4,15.62,0
2,female,34,4,5,40.18,1
1,female,36,5,2,16.03,0
2,male,6,4,5,97.78,1
2,female,39,1,5,83.53,1
2,female,42,3,4,86.73,1
3,male,58,3,3,94.42,1
3,female,12,5,4,17.66,0
1,female,3,1,2,44.7,0
1,female,18,2,3,16.39,1
3,male,40,2,0,28.97,1
2,male,21,4,0,30.64,0
1,male,15,0,2,52.22,0
3,female,26,2,4,34.17,1
3,female,8,0,1,19.09,1
3,male,42,3,2,25.07,1
2,female,44,0,3,23.25,1
3,female,14,3,3,97.58,1
3,female,78,1,5,78.34,0
3,female,2,1,0,97.1,1
3,female,37,5,3,49.58,0
1,male,69,5,2,35.05,0
1,female,38,4,3,81.85,0
3,male,41,2,2,39.36,1
2,female,62,4,1,36.94,0
1,male,60,3,5,30.93,0
3,female,14,4,0,21.67,0
1,male,2,0,3,33.08,0
1,female,70,3,2,41.98,1
2,male,17,5,4,70.66,1
3,female,28,1,0,15.63,0
3,male,66,5,1,28.95,0
2,female,35,2,2,82.81,1
2,male,5,3,5,23.22,1
3,male,65,3,5,40.84,1
3,female,40,0,1,87.82,0
2,female,76,2,1,23.94,1
1,male,56,1,5,17.45,0
1,female,36,3,3,53.61,0
2,male,45,3,3,37.22,1
1,male,23,0,2,60.71,0
2,male,47,4,4,82.34,1
1,female,31,1,2,22.34,0
1,male,11,5,4,62.26,1
3,male,10,2,1,55.5,0
3,female,67,3,0,22.97,0
1,female,14,3,2,66.16,1
1,female,74,5,2,34.63,1
3,female,10,1,4,53.91,1
3,male,76,4,1,17.4,1
3,male,1,3,1,51.36,0
2,male,5,1,4,37.58,1
1,male,20,5,1,84.01,1
3,female,8,0,5,15.13,0
1,male,43,4,3,47.67,1
2,male,76,2,5,51.26,1
2,female,1,3,0,75.25,0
3,male,57,1,2,61.69,1
2,male,64,0,0,70.05,1
1,male,28,2,2,79.93,1
3,male,37,1,3,87.6,1
1,male,47,1,1,38.25,1
1,male,76,2,5,58.42,1
2,female,37,0,4,85.61,0
2,female,49,5,5,99.05,1
2,male,44,0,3,90.06,0
2,male,56,4,0,43.43,0
2,female,28,3,4,27.56,0
3,male,79,2,1,54.05,0
1,male,6,5,3,76.75,1
1,male,61,2,4,54.33,1
1,female,20,2,3,53.49,1
1,male,78,0,3,85.44,0
2,female,2,3,1,42.53,1
1,male,73,4,2,87.38,1
3,female,37,1,4,46.61,1
3,female,20,1,1,39.54,0
1,male,26,2,3,50.86,0
1,female,29,3,1,78.62,1
3,male,1,5,2,21.34,0
3,female,35,0,5,27.68,0
2,male,70,3,4,95.63,1
3,male,59,3,2,25.79,0
2,female,69,0,0,61.1,0
2,male,33,2,4,62.14,1
2,male,51,3,2,54.07,0
2,female,78,1,3,68.03,0
2,male,12,0,4,30.68,0
1,male,20,5,4,59.74,0
3,female,53,4,1,43.5,0
2,female,43,2,3,69.55,0
3,male,50,0,0,22.71,0
3,male,29,4,5,61.38,0
2,female,57,4,2,26.67,1
1,female,39,5,1,35.08,1
2,male,56,3,2,29.68,1
1,female,43,5,0,26.46,1
3,male,50,3,0,84.31,0
1,male,23,3,4,35.71,1
1,male,44,0,0,93.44,1
1,male,38,0,2,97.29,0
3,male,23,2,3,61.41,0
3,female,45,3,3,22.87,0
1,female,52,4,4,43.71,0
1,female,50,1,5,81.8,0
2,female,8,2,2,43.07,1
1,male,1,0,2,17.83,0
2,male,8,5,0,60.11,1
1,male,29,2,2,86.06,1
2,male,5,2,1,81.63,0
3,female,47,2,5,25.76,1
1,male,34,2,0,70.55,1
1,male,65,1,1,29.85,0
1,female,55,5,4,29.64,1
1,female,43,5,3,88.67,1
2,female,74,5,4,32.47,1
1,female,30,3,3,33.69,0
3,male,17,4,4,10.06,0
3,male,26,5,2,88.36,0
1,female,8,2,1,81.33,1
3,male,47,2,3,66.46,0
1,male,76,5,0,77.52,1
1,male,72,5,1,23.68,0
3,female,46,2,0,51.25,1
1,male,68,3,1,41.61,0
3,female,33,0,1,18.44,0
2,male,1,0,4,53.75,1
1,male,19,5,3,92.87,0
2,male,31,1,3,13.61,1
3,female,14,5,1,36.23,0
2,male,53,5,2,28.68,0
2,female,48,0,2,31.43,1
3,female,69,2,0,91.76,1
2,female,62,5,0,52.13,1
2,male,66,2,4,51.97,0
3,male,64,2,1,78.45,1
2,male,70,1,0,23.9,0
3,male,63,2,0,53.85,1
2,female,73,0,5,48.7,1
3,female,33,3,1,63.72,1
3,female,41,3,4,99.96,1
2,male,48,4,0,79.25,1
2,female,13,5,4,45.81,1
2,male,73,0,3,84.48,0
1,female,77,2,4,25.36,1
1,male,31,3,2,12.74,0
1,male,75,0,2,28.4,1
3,female,68,3,4,40.64,1
2,female,4,2,2,55.95,1
3,female,19,3,3,65.36,0
1,female,70,5,1,91.95,0
2,male,13,5,2,55.89,1
3,female,23,4,2,55.11,0
2,female,75,4,4,14.52,1
3,female,1,3,3,13.14,1
2,male,54,0,1,59.6,0
1,male,71,5,4,49.44,0
1,female,15,0,4,85.53,0
2,male,65,0,5,24.46,0
3,female,76,3,3,12.25,1
1,male,71,0,1,50.41,0
1,male,15,5,3,31.37,0
1,male,21,2,1,14.47,1
2,male,19,4,3,75.21,0
2,female,60,2,4,20.04,0
3,female,33,0,4,64.75,0
3,female,49,2,0,35.29,0
3,male,35,5,2,25.61,1
2,female,44,5,5,44.18,1
2,female,11,0,3,82.13,0
3,female,72,3,5,45.29,0
3,male,78,2,0,77.57,1
2,male,74,3,2,21.29,0
3,male,66,3,3,79.55,0
1,female,46,1,1,31.32,0
2,female,9,0,2,70.97,0
3,female,3,4,4,60.92,0
2,male,26,5,0,93.62,0
1,male,72,5,2,44.86,0
2,female,48,0,2,15.95,0
2,male,66,4,4,11.72,0
2,male,70,5,3,84.42,1
2,male,28,0,1,57.23,1
1,male,26,5,4,79.77,1
2,female,25,3,1,31.1,0
2,male,12,2,3,41.06,0
3,male,5,2,2,12.71,1
2,male,48,5,1,96.53,0
3,male,37,1,0,70.11,1
1,female,79,4,0,93.99,0
1,female,44,4,4,33.89,1
1,male,15,4,3,65.03,1
1,male,43,3,4,71.06,1
3,male,48,4,4,38.58,0
2,male,70,2,5,86.33,1
1,male,46,3,4,95.24,0
2,male,43,0,5,89.64,0
3,female,21,4,0,76.52,0
3,male,23,4,0,34.97,0
3,female,47,0,4,35.35,0
1,female,15,4,0,96.7,0
2,male,25,0,3,10.93,0
2,female,36,3,5,74.44,1
2,female,75,2,5,73.56,1
3,female,51,0,4,66.04,1
1,female,15,1,0,99.11,0
3,female,68,0,1,38.07,0
3,female,21,4,5,40.6,0
2,male,13,3,4,17.1,0
3,female,19,5,4,49.85,1
2,female,34,3,3,33.49,0
1,female,78,5,2,40.9,1
2,male,68,0,2,85.11,0
1,female,52,2,5,94.19,1
2,male,27,1,3,26.72,0
3,female,29,3,3,43.53,1
3,male,28,4,3,93.58,0
1,male,35,5,5,15.56,1
1,female,8,4,2,18.31,0
1,female,16,2,3,24.65,1
2,male,36,5,0,63.57,1
2,female,30,3,4,23.54,0
1,male,18,0,4,97.13,1
3,male,2,4,1,50.2,0
2,male,49,2,1,55.14,0
2,male,77,3,5,32.2,0
2,male,4,3,5,52.39,1
1,female,75,3,4,69.57,1
1,male,7,3,0,77.61,0
1,male,74,5,2,77.85,0
1,female,39,3,2,62.01,1
1,male,13,4,5,91.39,1
3,female,31,2,0,83.57,1
3,female,71,5,5,78.13,0
1,female,63,3,2,15.0,0
2,male,56,1,5,10.62,0
1,male,42,1,3,29.12,0
3,male,61,2,5,69.72,0
3,female,42,0,4,47.01,1
2,male,56,0,5,46.22,0
3,female,36,5,4,89.61,1
1,male,68,5,0,90.6,1
2,female,7,5,2,91.83,0
1,male,54,0,1,38.25,1
1,male,1,1,1,72.2,0
2,male,44,0,2,34.45,1
1,female,45,4,1,27.15,0
3,female,47,3,5,26.62,0
1,male,13,5,0,40.79,1
2,male,22,1,0,48.7,0
2,female,21,2,2,84.79,1
2,female,9,2,1,20.79,0
1,female,26,3,5,76.14,0
2,male,9,1,0,57.83,0
2,female,15,0,0,35.92,1
1,male,10,0,3,54.35,1
3,female,42,4,3,36.99,0
1,male,72,4,0,63.65,1
2,female,24,0,2,49.05,0
2,female,49,2,4,24.8,1
1,female,26,5,4,20.49,1
3,female,37,2,5,59.2,0
2,female,68,4,0,91.22,0
2,male,50,3,0,40.96,0
2,female,24,0,0,75.97,0
1,female,19,4,2,69.28,0
2,female,60,4,3,93.84,1
3,male,39,5,0,83.89,1
2,female,74,0,0,60.99,0
2,male,18,5,1,69.13,0
3,female,19,0,2,90.85,0
2,female,36,5,5,45.96,1
1,male,74,2,0,39.41,0
1,female,55,3,1,10.97,0
1,male,69,3,4,84.39,1
3,male,47,0,5,82.09,1
2,female,49,1,0,19.4,1
1,male,33,4,0,61.92,1
3,female,21,4,1,51.76,0
2,female,22,0,2,20.68,1
3,male,48,5,0,98.25,1
1,male,37,1,4,29.32,0
1,male,15,2,0,16.05,0
1,male,35,5,4,63.54,0
3,female,71,5,5,76.5,1
3,female,32,0,5,12.92,0
1,male,11,0,3,69.28,1
3,female,10,4,3,57.91,1
1,female,73,0,4,19.29,1
1,female,78,0,2,25.53,0
2,female,77,0,0,61.12,1
3,male,57,4,0,36.67,0
1,male,25,2,3,94.45,0
1,female,2,2,4,83.69,0
3,male,64,0,0,98.52,1
2,male,35,4,0,33.37,1
2,male,7,2,2,97.28,1
1,female,18,5,1,48.81,0
3,female,67,2,3,41.28,1
2,female,42,2,3,14.53,1
3,male,39,4,1,14.75,1
3,female,41,5,0,72.28,1
1,female,75,4,2,51.21,1
2,male,24,0,2,30.39,0
1,female,60,3,3,65.26,0
2,female,46,2,2,32.76,0
2,male,19,3,5,61.99,0
2,male,68,4,1,42.33,1
2,male,42,4,0,84.12,0
2,female,32,4,5,83.86,1
3,female,39,3,1,52.96,0
1,female,36,4,4,41.57,0
3,male,36,0,3,42.63,0
2,male,3,4,2,82.51,1
1,female,73,1,4,39.54,1
2,female,8,3,2,28.82,0
1,male,70,1,5,17.62,1
3,male,41,4,0,52.0,0
1,male,68,0,0,53.39,0
1,male,13,2,0,85.68,0
1,female,49,5,2,29.91,1
1,male,60,5,4,44.29,0
1,female,2,4,0,82.76,0
2,female,60,0,4,84.13,0
1,female,5,3,2,44.61,1
1,male,44,1,5,51.32,0
3,male,27,1,4,37.3,1
1,male,32,1,5,93.93,0
3,male,21,3,2,20.68,1
2,female,8,5,2,94.04,0
1,male,72,0,3,71.55,0
3,male,50,3,2,57.84,1
3,female,67,1,2,12.94,1
2,male,44,4,1,52.8,0
1,female,58,2,0,46.7,1
1,female,3,3,3,24.51,0
3,female,70,3,3,69.08,0
1,female,2,0,3,97.4,0
3,female,44,0,1,60.6,1
1,female,2,3,5,74.33,0
3,female,35,1,2,16.16,1
1,female,30,2,0,47.59,0
2,male,8,0,4,20.47,1
1,male,22,1,5,65.15,1
1,male,44,4,2,94.46,0
2,male,58,0,1,69.56,1
1,female,36,1,2,16.91,0
2,male,69,1,2,41.92,0
1,female,77,2,1,59.56,0
3,male,31,2,3,46.29,0
3,male,47,4,3,85.03,0
1,male,55,1,0,83.32,1
1,female,62,5,0,65.06,0
1,male,30,1,3,43.61,1
3,female,55,2,5,32.98,1
1,female,16,5,4,19.53,0
3,male,12,0,2,41.94,1
2,male,17,0,4,47.19,0
3,male,16,3,2,70.82,1
3,female,12,2,3,69.23,1
2,male,8,3,0,16.31,1
3,female,3,5,5,45.57,0
1,female,16,2,0,26.36,1
1,male,30,4,4,24.11,0
3,male,23,1,0,84.46,1
1,female,5,4,3,13.77,1
3,female,65,5,5,47.73,1
1,female,30,2,4,25.14,1
1,male,21,5,5,89.14,0
3,female,70,1,2,60.13,0
1,male,22,0,0,30.82,1
3,female,72,0,5,55.22,1
1,female,32,5,1,75.83,0
1,male,33,3,0,96.23,0
2,female,16,2,2,29.84,0
2,male,76,2,5,89.76,0
3,male,38,0,4,94.09,1
2,female,14,4,2,92.48,1
3,male,36,1,1,67.19,0
2,male,23,4,5,66.68,0
1,female,66,4,3,46.29,0
3,male,2,5,0,77.72,0
3,male,73,0,4,57.82,0
1,male,65,0,3,70.97,0
3,female,75,0,5,48.56,1
3,male,67,5,5,75.83,1
2,female,52,3,2,84.2,1
3,female,62,4,5,23.18,0
1,male,23,5,4,84.96,0
2,male,26,2,3,58.63,0
2,male,68,1,4,86.02,1
1,female,55,3,1,48.82,0
1,male,6,2,1,44.11,0
2,male,35,4,0,92.36,1
3,male,22,0,0,32.61,0
2,male,43,4,1,85.98,1
1,male,15,5,5,53.56,1
2,female,60,1,4,56.27,0
1,female,12,5,1,37.76,1
2,male,49,3,0,61.57,0
3,male,42,3,1,39.27,1
2,male,38,1,5,13.53,0
2,male,45,2,1,34.48,1
1,female,35,2,4,10.57,0
1,male,30,3,3,98.05,1
1,female,30,3,5,96.92,1
2,female,78,0,0,45.56,1
3,male,6,2,4,75.55,0
1,female,67,1,1,41.12,0
1,female,7,2,1,70.4,1
2,female,52,0,3,82.49,0
1,female,14,5,0,95.21,1
3,male,73,3,0,46.02,0
3,male,15,3,2,80.5,1
1,female,21,0,0,33.93,0
1,male,35,1,3,99.13,1
2,male,66,3,2,12.32,1
3,male,2,4,2,64.32,1
3,male,35,3,1,69.36,1
1,male,78,4,1,71.92,0
2,female,20,0,0,20.83,1
3,male,10,0,2,94.47,0
3,male,25,3,1,26.31,0
2,male,66,2,3,66.05,1
2,male,25,4,1,30.04,0
3,female,54,1,5,37.65,0
3,female,33,3,5,59.18,0
2,female,36,1,1,47.55,1
3,female,14,3,2,24.42,0
1,male,65,2,2,25.38,0
1,female,54,2,4,47.63,1
2,male,52,2,5,78.16,1
2,male,3,5,3,90.82,0
2,male,41,2,2,17.57,1
1,male,6,0,0,45.38,0
3,male,25,0,5,19.02,0
1,female,13,5,3,11.49,0
3,female,8,4,3,69.55,1
1,female,21,1,2,64.22,0
3,female,68,3,3,24.67,1
1,male,25,3,2,31.04,1
2,female,79,5,1,12.13,0
1,male,68,0,5,85.15,1
3,female,45,3,4,97.72,1
1,male,60,0,1,22.19,1
1,male,12,4,5,30.83,1
1,female,32,1,2,88.16,1
2,male,13,4,5,93.38,0
1,male,31,5,2,47.77,1
2,female,78,2,1,14.56,0
2,male,20,2,0,13.55,0
1,female,18,2,0,61.66,0
1,female,60,4,5,45.36,0
1,female,63,3,0,12.58,0
3,male,6,1,2,62.49,0
1,male,32,2,3,11.02,1
2,male,43,5,2,80.86,1
1,female,2,5,3,37.58,1
3,male,60,2,1,13.62,0
1,female,23,2,4,62.95,1
3,female,31,1,3,45.79,1
3,male,5,2,0,97.64,1
1,female,34,1,2,58.98,0
2,male,10,5,1,34.77,1
3,male,2,2,0,73.85,0
1,male,11,4,1,34.43,1
1,male,50,4,4,91.38,0
2,male,31,5,2,43.72,0
3,female,56,1,5,59.49,0
3,female,79,4,2,14.55,1
1,female,73,1,4,48.35,1
1,male,9,4,2,84.91,0
2,male,21,4,5,82.51,1
2,male,73,1,3,30.19,0
3,female,28,3,1,30.35,0
3,male,62,4,5,83.56,1
1,female,7,2,0,93.74,1
3,female,16,5,4,18.58,1
2,male,4,3,3,50.51,0
2,male,4,1,0,40.37,0
1,female,40,3,0,88.36,1
2,male,17,0,4,17.52,0
2,female,52,0,3,29.0,1
2,male,52,4,0,77.72,0
2,male,36,4,0,14.62,1
1,female,38,2,3,54.33,1
1,male,50,5,2,49.79,0
3,female,63,3,0,40.1,1
2,male,63,0,1,45.51,1
3,female,62,4,3,57.69,0
1,female,7,5,0,24.52,1
1,male,27,3,4,61.48,0
1,female,14,4,5,82.49,1
1,male,71,4,1,78.41,0
1,male,5,0,5,23.85,1
1,male,55,0,5,23.43,1
1,female,2,4,0,34.14,1
2,female,62,1,1,42.5,1
3,male,21,4,1,46.76,0
1,male,79,5,2,71.17,0
2,female,21,4,5,15.1,0
2,male,10,2,1,13.12,0
3,male,58,2,2,45.27,0
1,female,39,2,3,72.74,0
3,male,5,1,2,27.41,0
1,female,65,1,4,67.74,1
2,male,13,4,0,33.38,1
2,female,53,2,3,89.75,1
2,male,45,1,3,90.61,1
2,male,32,0,4,36.76,0
3,female,36,4,2,30.7,0
1,male,60,5,0,47.02,0
1,female,11,3,2,31.65,1
3,male,63,4,1,70.51,0
1,female,21,3,2,84.35,1
2,female,52,2,3,70.58,0
1,female,55,3,0,84.19,0
2,female,26,2,2,45.73,0
3,male,68,0,0,24.07,0
1,male,34,3,0,76.42,1
3,female,52,4,1,42.44,1
1,female,52,2,1,70.41,0
2,female,29,4,3,34.36,1
3,male,38,1,4,17.31,0
1,male,42,2,0,99.33,0
2,male,21,3,4,24.06,0
3,male,42,2,3,98.96,0
3,female,13,4,0,97.96,1
1,female,64,0,0,81.44,0
1,female,17,2,5,69.35,0
1,male,9,3,4,62.0,1
2,male,41,1,2,87.95,0
1,male,1,5,1,36.05,1
3,female,2,0,2,52.09,0
3,female,60,1,4,65.75,0
1,male,48,2,1,47.01,0
1,female,29,4,2,48.47,0
3,male,10,4,5,39.73,0
2,male,58,3,1,60.78,0
1,female,60,4,0,86.55,1
1,male,21,0,2,28.14,0
3,female,28,4,1,94.1,1
1,male,75,3,5,72.02,1
2,female,34,5,1,84.09,0
3,female,8,2,1,60.06,1
1,female,59,2,5,80.16,0
3,male,72,4,2,11.46,1
1,male,49,1,3,83.65,0
1,female,79,2,2,13.61,1
1,female,17,5,4,90.09,1
2,male,60,4,5,99.28,0
2,male,45,3,2,36.47,1
3,male,69,5,1,28.93,0
1,female,32,4,5,78.88,0
1,male,44,5,0,32.77,0
2,male,65,2,2,87.9,0
1,female,8,3,5,19.26,0
2,male,77,4,2,21.34,1
1,male,72,0,5,98.12,1
3,male,43,3,1,70.65,1
1,female,1,0,0,86.22,0
1,female,51,5,0,39.19,1
2,female,24,1,4,70.88,1
1,female,24,3,5,63.48,1
1,female,17,5,2,64.28,1
2,female,5,0,0,71.43,1
3,female,20,2,0,61.78,0
3,male,21,2,3,48.62,0
2,male,58,1,3,34.83,1
2,female,31,3,0,79.17,0
2,male,11,3,5,30.36,0
2,male,52,3,4,72.31,1
2,female,15,5,0,31.0,1
3,male,7,1,1,66.28,0
3,male,28,3,2,77.24,1
2,male,51,5,4,29.68,0
1,male,58,2,1,15.39,0
2,male,5,0,4,21.79,1
1,female,5,5,1,64.54,0
2,female,8,2,2,86.45,0
2,female,64,2,2,14.05,0
3,male,10,0,3,76.07,1
1,female,38,2,5,40.72,1
1,male,8,1,1,53.07,1
3,male,25,0,3,93.6,1
3,male,73,2,1,39.88,0
3,male,66,4,3,51.88,1
3,female,79,5,2,11.23,1
1,female,50,2,4,17.34,1
1,male,67,1,3,33.27,1
2,female,49,3,1,12.51,0
2,male,36,2,1,66.82,0
3,female,68,3,5,48.38,0
3,female,78,4,2,59.33,1
3,male,41,2,1,25.72,1
2,female,62,0,0,36.63,0
2,male,10,3,4,69.74,1
2,female,21,4,3,96.88,1
2,male,36,0,5,14.54,0
2,male,12,0,4,90.13,0
2,female,2,0,2,61.92,1
2,female,13,0,5,60.75,1
3,male,53,2,3,55.03,1
3,female,32,5,3,16.25,0
3,female,16,2,0,18.09,0
3,male,32,2,2,64.08,0
2,male,32,4,5,40.69,0
1,female,11,4,5,92.55,1
2,male,10,5,1,46.59,0
1,male,15,4,0,22.9,0
3,male,17,1,0,74.32,1
2,female,40,5,5,36.4,1
3,female,18,4,5,57.29,1
2,male,55,5,4,72.8,0
3,female,73,2,4,91.02,1
1,male,25,2,4,81.3,1
1,female,59,5,0,70.87,0
1,male,78,1,1,71.17,0
2,male,22,1,3,95.13,1
1,female,30,5,4,36.62,0
2,male,44,4,1,10.1,1
1,female,32,3,2,34.48,1
1,female,51,1,4,29.61,0
2,male,46,0,3,69.57,1
2,male,21,2,2,67.03,0
1,female,32,5,2,63.41,0
2,male,39,0,3,11.46,0
1,male,12,5,4,75.59,1
2,male,47,2,0,39.12,0
3,male,18,2,3,69.86,0
3,male,21,1,3,60.09,1
3,female,13,1,3,40.85,1
3,female,21,0,2,22.11,1
3,male,8,5,1,18.5,1
1,male,46,2,0,84.84,0
3,male,7,0,4,92.66,0
3,female,23,3,4,68.48,0
3,male,75,0,1,19.31,1
3,female,22,4,3,46.18,1
2,female,22,0,0,75.6,0
1,female,29,4,4,80.18,1
3,male,13,4,5,20.64,1
3,female,2,4,4,10.0,0
3,male,29,3,3,74.09,0
1,female,79,0,5,42.09,1
2,male,52,0,1,32.9,1
1,female,27,3,0,11.16,1
2,male,50,2,1,58.63,0
3,female,79,1,1,86.6,0
3,male,23,0,0,96.19,0
1,male,44,1,0,60.92,0
1,male,77,5,4,56.3,0
2,male,22,5,4,17.66,1
2,female,43,3,0,59.4,1
1,female,37,5,5,44.2,1
2,male,61,5,2,64.64,0
1,female,56,2,4,44.99,0
2,male,3,2,2,31.63,0
1,male,63,2,5,18.55,1
1,female,19,5,0,38.34,0
1,male,23,3,5,18.7,0
2,male,29,4,4,25.92,1
2,female,30,4,1,98.86,0
2,male,39,1,0,49.97,1
1,male,25,4,3,57.87,0
2,male,8,4,2,88.63,0
2,male,58,2,5,99.6,1
1,female,16,2,0,62.44,1
3,female,72,5,5,83.12,1
1,female,1,1,0,39.42,1
2,male,5,0,4,37.52,1
1,male,3,1,4,46.24,1
3,female,65,1,4,70.53,0
1,male,4,3,5,71.4,0
2,male,64,5,3,38.37,1
3,male,10,3,4,21.99,0
2,male,21,1,0,66.92,1
3,female,46,1,4,21.55,0
3,female,27,1,1,62.06,1
1,female,66,4,4,72.41,0
1,male,41,3,5,73.06,0
2,female,13,1,3,77.81,0
1,female,9,2,1,88.56,0
1,male,36,5,5,55.0,0
3,male,58,5,5,75.72,1
1,female,54,2,5,65.73,1
3,female,12,5,0,26.8,1
3,female,78,4,5,12.31,0
3,female,14,4,0,35.61,1
2,male,34,0,5,49.87,0
2,female,53,0,2,65.54,0
2,female,20,0,1,86.5,0
3,male,75,5,2,27.66,1
2,female,16,4,5,21.3,0
2,male,70,4,1,96.71,1
1,male,56,4,1,19.72,1
2,male,58,2,3,53.06,0
2,female,4,4,2,62.7,0
3,female,4,2,3,58.72,1
3,male,20,0,1,17.74,1
3,female,10,0,0,15.13,1
3,female,24,5,1,19.49,1
3,male,26,0,3,62.7,1
3,male,37,5,2,58.99,1
2,female,54,1,5,31.04,0
3,male,21,1,5,67.4,1
3,female,74,3,2,83.81,1
1,female,38,5,5,13.74,1
2,female,46,3,5,54.83,1
2,female,4,3,3,72.04,0
2,male,60,1,2,32.71,0
3,male,57,5,4,37.7,1
3,male,45,1,0,65.23,1
3,male,20,3,0,90.81,1
1,female,17,5,5,82.89,0
3,female,71,3,0,62.48,0
1,male,4,4,2,75.72,0
2,female,14,5,2,42.83,0
3,female,3,5,1,67.69,0
1,female,58,3,1,51.96,0
1,male,55,4,0,27.09,1
3,male,4,2,4,73.16,0
2,male,24,1,1,60.08,0
2,female,34,3,1,42.28,1
2,male,30,5,2,92.02,0
1,male,19,1,4,11.88,1
1,male,31,1,5,38.42,0
1,male,60,1,0,15.12,1
1,male,60,2,1,78.99,1
2,male,19,0,4,73.19,1
3,female,49,3,4,39.82,1
1,female,63,0,0,70.81,1
1,male,22,0,4,45.63,0
2,male,24,0,4,78.06,0
3,female,76,1,4,50.88,1
3,female,30,4,1,47.11,1
2,male,58,1,0,94.13,1
2,male,31,1,4,32.58,0
3,male,64,5,4,20.84,1
1,male,19,5,1,62.61,1
3,female,48,0,0,97.24,1
2,male,45,1,2,44.01,1
1,male,55,0,1,15.58,0
1,male,55,5,0,40.54,1
2,male,18,4,4,55.53,1
2,female,63,3,0,24.57,0
2,female,47,0,0,69.23,1
3,female,75,4,5,99.8,1
3,male,57,3,0,50.66,0
1,male,45,2,2,41.93,0
2,female,33,0,0,46.06,0
1,male,17,0,2,20.36,1
1,male,70,2,4,89.49,1
1,female,4,2,2,47.33,0
1,female,20,0,4,44.85,0
2,female,47,2,4,69.37,0
1,female,15,1,2,49.78,1
2,male,70,3,1,68.34,1
2,male,47,3,3,15.53,0
3,female,78,3,0,83.24,1
2,male,75,1,5,94.65,0
3,female,9,2,3,68.39,1
2,female,16,4,0,95.91,1
2,male,69,2,0,23.63,1
2,female,61,0,4,52.97,1
3,male,10,5,0,64.16,0
3,male,50,3,5,62.36,1
1,male,3,2,0,46.13,1
